,T,TM,Tm,SLP,H,VV,V,Vm,PM2.5
0,7.4,9.8,4.8,1017.6,93,0.5,4.3,219.72083333333333,9.4
1,7.8,12.7,4.4,1018.5,87,0.6,4.4,182.1875,11.1
2,6.7,13.4,2.4,1019.4,82,0.6,4.8,154.03750000000002,11.1
3,8.6,15.5,3.3,1018.7,72,0.8,8.1,223.20833333333331,20.6
4,12.4,20.9,4.4,1017.3,61,1.3,8.7,200.64583333333337,22.2
5,16.0,25.2,10.0,1013.2,79,0.6,4.8,285.225,11.1
6,13.4,21.0,9.2,1015.1,87,0.5,1.5,236.825,7.6
7,14.3,22.6,6.6,1016.3,76,0.8,0.4,276.90833333333336,3.5
8,12.7,18.9,7.3,1021.2,76,1.8,6.1,108.0,16.5
9,11.9,18.9,6.3,1020.1,76,1.1,8.3,107.625,20.6
10,12.2,19.9,6.2,1021.0,69,2.1,4.4,125.89166666666668,18.3
11,13.4,21.1,5.6,1020.0,60,1.9,8.0,181.01250000000005,22.2
12,12.3,21.4,6.4,1019.6,70,1.9,6.7,152.55416666666667,14.8
13,13.7,22.0,7.0,1018.2,63,1.8,7.2,152.32083333333335,18.3
14,14.9,21.9,7.1,1018.3,73,0.6,2.0,319.7375,7.6
15,15.0,24.0,7.6,1017.4,81,0.6,2.2,332.7083333333333,7.6
16,16.3,24.0,12.0,1017.2,80,0.8,1.3,279.6,9.4
17,18.7,26.3,9.5,1015.3,64,1.6,1.7,179.11666666666667,7.6
18,14.6,21.6,9.4,1018.4,72,2.7,9.4,54.79166666666666,18.3
19,14.7,21.7,8.4,1017.1,71,1.8,10.9,93.375,22.2
20,14.8,22.6,8.5,1016.8,67,2.1,9.3,103.0,18.3
21,17.4,25.4,10.3,1015.8,63,1.9,6.7,132.20833333333334,14.8
22,18.1,26.7,10.2,1013.8,61,2.6,5.0,127.70833333333331,11.1
23,18.3,23.2,12.7,1011.2,75,1.9,10.0,109.33333333333331,22.2
24,16.4,22.0,11.2,1015.5,81,1.6,5.9,56.458333333333336,18.3
25,16.9,23.5,10.1,1016.8,80,1.3,5.2,135.83333333333334,22.2
26,19.3,26.9,12.1,1015.6,74,1.6,5.9,122.5,11.1
27,17.2,24.2,10.8,1018.3,74,2.6,4.6,69.66666666666667,14.8
28,17.7,26.5,9.8,1015.3,73,1.4,4.8,79.83333333333333,14.8
29,20.4,28.4,15.2,1014.7,62,2.4,5.0,62.708333333333336,14.8
30,18.2,26.1,12.2,1016.3,54,1.9,24.4,21.20833333333333,33.5
31,19.0,26.8,11.7,1016.3,58,2.6,16.7,1.9166666666666667,29.4
32,18.7,27.8,13.3,1016.2,69,2.4,7.4,1.8333333333333333,25.9
33,22.6,30.6,15.7,1015.4,62,2.6,8.1,105.83333333333331,20.6
34,22.5,31.8,13.7,1014.6,57,2.3,5.9,117.58333333333331,14.8
35,24.0,33.8,13.6,1009.7,53,1.9,4.6,122.70833333333331,18.3
36,23.8,33.0,14.9,1010.4,64,1.9,3.9,111.95833333333331,11.1
37,22.6,33.0,18.1,1013.1,67,2.1,11.3,59.208333333333336,22.2
38,23.0,30.0,14.4,1016.1,55,2.7,6.7,77.20833333333333,14.8
39,24.6,31.7,17.9,1008.5,68,2.3,14.1,98.70833333333331,27.8
40,27.1,34.8,17.7,1009.7,52,1.6,6.1,123.70833333333331,11.1
41,26.1,34.8,17.9,1008.8,54,2.6,11.9,64.79166666666667,18.3
42,23.6,34.3,17.7,1010.4,51,2.6,15.9,52.333333333333336,22.2
43,23.2,29.6,16.7,1008.6,54,1.9,13.1,52.04166666666666,22.2
44,23.8,30.9,16.7,1009.0,52,1.6,6.5,128.33333333333334,13.0
45,24.7,31.5,17.0,1008.6,57,2.1,7.6,0.0,14.8
46,25.6,33.8,17.9,1008.7,47,2.1,4.4,23.20833333333333,13.0
47,25.7,36.0,17.8,1009.0,50,1.8,9.3,15.166666666666666,14.8
48,25.1,36.0,18.3,1009.5,56,2.7,9.1,21.25,18.3
49,29.5,37.0,18.5,1005.2,30,1.9,10.6,81.83333333333333,22.2
50,29.2,37.5,20.0,1006.1,38,2.6,5.9,105.33333333333331,14.8
51,31.1,37.8,21.7,1005.6,34,1.8,8.1,117.75,27.8
52,29.8,36.6,21.4,1007.8,37,1.9,8.1,84.5,18.3
53,28.2,36.6,21.9,1007.1,45,1.9,6.5,46.91666666666666,16.5
54,28.3,36.4,20.1,1004.0,47,1.9,6.3,104.625,14.8
55,29.3,37.9,20.3,1002.9,35,2.3,4.4,110.875,11.1
56,30.5,38.6,20.7,1003.4,36,1.9,7.6,42.958333333333336,14.8
57,28.0,38.6,23.8,1007.3,48,2.3,15.6,0.0,25.9
58,31.1,38.5,23.2,1007.7,45,1.9,3.7,120.875,7.6
59,29.9,38.5,24.3,1008.3,53,1.9,6.7,79.91666666666667,22.2
60,31.4,37.8,22.0,1006.9,38,2.3,13.7,0.0,22.2
61,31.4,39.2,22.8,1002.9,24,1.9,11.5,94.75,25.9
62,29.9,38.8,21.7,1000.8,29,1.9,12.0,142.5,24.1
63,29.7,38.3,21.6,999.3,35,1.9,10.2,133.375,22.2
64,32.8,40.8,25.3,1002.0,36,1.8,7.2,147.83333333333334,24.1
65,34.1,42.0,23.7,1001.4,29,1.9,9.3,158.29166666666666,18.3
66,34.1,42.0,26.8,1000.8,32,1.9,7.8,149.58333333333334,14.8
67,30.9,37.6,23.2,1003.7,44,1.9,3.5,101.5,11.1
68,32.9,39.8,24.7,1001.0,38,1.9,5.6,106.5,13.0
69,30.6,37.4,24.8,1000.8,47,1.9,2.2,128.125,7.6
70,36.2,44.6,25.9,999.2,29,1.9,15.0,101.95833333333331,27.8
71,36.2,44.6,29.2,999.1,32,1.9,10.6,98.41666666666669,18.3
72,36.8,45.1,28.0,999.1,26,1.9,12.0,94.375,25.9
73,37.7,45.0,30.5,998.1,32,1.9,10.0,107.625,22.2
74,36.2,43.6,29.3,998.4,32,2.3,8.1,110.41666666666669,20.6
75,35.6,42.6,30.2,999.3,41,1.9,8.1,95.83333333333331,20.6
76,33.6,40.6,24.8,998.8,47,1.9,10.6,72.25,18.3
77,31.9,40.6,26.7,1002.0,61,1.9,13.5,38.66666666666666,20.6
78,32.4,38.5,26.6,1001.0,63,2.3,13.3,45.375,22.2
79,34.1,40.3,28.8,999.7,59,1.9,10.9,65.16666666666667,16.5
80,34.1,43.2,25.7,997.9,57,1.9,7.4,66.08333333333333,14.8
81,34.2,39.8,29.1,996.7,64,1.9,13.7,77.66666666666667,18.3
82,35.1,40.2,30.2,995.2,52,1.9,8.5,70.25,14.8
83,30.3,39.2,28.8,998.6,75,1.9,10.2,56.29166666666666,22.2
84,30.4,38.6,27.8,997.7,73,1.9,8.0,77.0,22.2
85,29.8,38.6,24.6,997.9,71,2.3,12.6,32.958333333333336,16.5
86,29.7,35.5,24.8,999.0,76,1.9,4.3,80.625,14.8
87,33.0,38.4,25.3,997.6,58,1.8,4.8,90.70833333333331,13.0
88,35.6,41.0,27.3,995.5,49,1.9,7.4,97.29166666666669,18.3
89,31.0,39.4,27.8,999.2,74,1.9,11.5,50.708333333333336,18.3
90,31.2,35.7,27.2,998.4,75,1.9,6.3,40.375,14.8
91,31.2,37.1,27.6,996.8,71,1.9,8.1,49.41666666666666,20.6
92,33.9,39.2,27.8,995.2,62,1.9,8.9,61.875,14.8
93,32.8,37.6,28.4,995.8,67,1.9,9.3,0.0,18.3
94,31.6,37.6,26.9,997.5,76,1.9,6.5,29.666666666666668,11.1
95,31.1,35.0,27.9,1000.1,81,1.9,7.2,49.125,11.1
96,30.3,35.8,27.2,997.5,78,1.9,7.6,43.66666666666666,14.8
97,29.2,35.4,24.6,996.4,81,1.8,7.4,29.83333333333333,14.8
98,31.8,36.7,25.8,998.8,75,1.9,8.3,35.208333333333336,14.8
99,31.1,37.2,28.2,997.5,76,1.9,3.9,37.625,11.1
100,31.7,37.2,26.8,998.3,78,1.9,7.8,41.458333333333336,11.1
101,30.9,35.4,25.8,995.0,77,1.9,10.4,38.583333333333336,18.3
102,26.8,35.4,24.2,999.0,93,1.1,6.3,36.0,14.8
103,29.1,33.8,23.9,996.3,86,1.4,2.6,70.58333333333333,55.4
104,28.5,34.4,26.3,995.5,87,1.6,7.0,33.166666666666664,14.8
105,30.4,35.1,24.8,995.2,77,1.9,5.2,38.25,14.8
106,30.0,35.5,26.2,997.5,83,1.9,3.7,26.58333333333333,11.1
107,29.0,33.7,26.9,996.5,82,1.9,9.8,15.416666666666666,14.8
108,31.1,34.9,25.9,998.2,76,1.9,6.7,41.375,11.1
109,31.8,36.0,27.5,999.6,71,1.9,11.7,25.541666666666668,18.3
110,32.2,36.1,27.4,1000.8,69,1.9,9.3,28.375,14.8
111,28.4,30.6,25.3,1001.8,88,1.4,3.1,50.333333333333336,7.6
112,28.1,30.8,25.8,1000.6,88,1.9,8.0,35.375,18.3
113,27.4,30.8,25.4,1000.8,90,1.9,3.1,31.916666666666668,9.4
114,30.1,34.6,27.2,1000.0,79,1.9,10.2,35.291666666666664,18.3
115,29.7,34.9,26.1,1000.3,79,1.9,8.3,26.83333333333333,18.3
116,27.7,30.7,24.8,1001.8,88,1.9,7.2,21.125,14.8
117,28.4,33.1,26.0,1000.0,86,1.9,5.0,35.708333333333336,18.3
118,27.4,33.5,24.4,999.1,90,1.1,5.4,43.583333333333336,18.3
119,29.2,34.4,24.8,999.0,81,2.1,7.8,46.04166666666666,29.4
120,30.4,36.5,27.8,999.3,82,1.4,2.0,82.875,7.6
121,32.1,36.7,26.8,998.1,74,1.9,6.5,64.91666666666667,14.8
122,32.0,35.5,27.6,999.8,65,2.6,16.9,30.666666666666668,29.4
123,29.1,34.2,25.9,1003.4,76,1.9,5.6,34.416666666666664,9.4
124,30.2,35.6,25.6,1003.6,68,3.1,14.8,33.166666666666664,22.2
125,31.7,35.9,27.0,1003.6,59,2.6,14.4,30.625,22.2
126,31.6,36.3,25.9,1002.7,58,2.7,15.4,30.33333333333333,25.9
127,30.9,35.6,25.0,1004.8,58,2.3,6.9,0.0,14.8
128,29.6,34.2,25.8,1007.3,67,1.9,6.3,0.0,14.8
129,29.3,35.0,24.1,1007.6,70,1.9,4.3,0.0,11.1
130,30.6,36.0,25.8,1007.2,74,1.6,2.8,76.875,7.6
131,31.2,36.4,25.8,1004.4,69,1.9,2.0,83.45833333333333,7.6
132,31.6,36.8,25.9,1001.5,63,2.4,3.9,71.66666666666667,11.1
133,29.9,36.2,23.4,1002.5,66,1.9,1.9,69.70833333333333,7.6
134,28.7,34.1,25.2,1002.9,76,1.9,9.6,62.375,51.9
135,26.3,34.1,24.0,1003.4,87,1.9,6.1,24.875,11.1
136,28.6,35.6,25.3,1005.4,79,2.6,5.7,43.958333333333336,13.0
137,28.6,34.5,24.0,1006.7,81,1.9,3.9,41.5,9.4
138,29.0,34.2,24.3,1005.8,76,1.9,7.4,38.79166666666666,20.6
139,29.1,34.0,23.8,1007.8,72,1.9,6.5,30.33333333333333,13.0
140,28.9,34.9,25.6,1009.5,68,2.6,7.6,26.666666666666668,13.0
141,27.9,33.7,23.2,1008.4,67,2.6,10.0,29.0,14.8
142,29.4,34.5,24.3,1009.1,73,1.8,1.3,61.708333333333336,3.5
143,30.1,34.5,24.8,1010.0,72,1.8,1.5,60.54166666666666,7.6
144,30.1,35.6,24.8,1010.5,72,2.1,4.6,41.583333333333336,11.1
145,27.4,33.1,22.8,1008.0,85,1.6,0.4,80.04166666666667,3.5
146,27.5,32.5,23.0,1007.1,80,1.8,6.1,82.83333333333333,18.3
147,26.6,32.6,21.1,1008.8,76,1.6,3.3,95.25,11.1
148,25.6,33.2,19.5,1011.5,67,1.4,3.7,126.16666666666669,14.8
149,25.0,32.8,17.6,1010.8,69,1.4,1.1,136.70833333333334,5.4
150,24.8,32.3,17.3,1009.7,68,1.4,1.5,160.66666666666666,7.6
151,24.1,30.0,17.5,1011.2,74,1.0,1.5,245.66666666666663,9.4
152,24.3,31.4,18.5,1011.2,72,1.1,0.4,261.6666666666667,3.5
153,23.0,31.0,18.0,1010.6,71,0.8,2.6,272.4166666666667,9.4
154,24.1,30.1,16.7,1014.0,62,1.4,3.3,149.625,11.1
155,23.8,30.5,18.4,1013.5,71,1.6,1.3,99.70833333333331,3.5
156,22.4,28.6,16.3,1014.6,67,1.0,5.4,217.375,11.1
157,20.9,28.1,13.6,1016.0,59,0.8,6.3,309.375,18.3
158,20.1,27.1,14.0,1015.5,78,0.6,3.9,321.5416666666667,11.1
159,18.9,27.1,14.5,1015.2,80,0.6,1.3,278.0,7.6
160,19.1,25.6,12.4,1016.6,79,0.8,0.4,192.33333333333331,3.5
161,17.8,26.2,11.0,1014.3,68,1.0,3.0,224.16666666666663,11.1
162,17.6,25.6,11.2,1015.2,68,1.1,3.5,196.75,14.8
163,17.0,26.6,10.0,1016.5,70,1.1,0.9,221.54166666666663,7.6
164,17.8,26.9,11.4,1015.4,67,1.4,7.2,166.70833333333334,20.6
165,18.2,28.1,10.4,1012.6,61,1.8,2.6,130.70833333333334,11.1
166,18.0,28.5,10.2,1013.2,68,1.1,2.0,194.70833333333331,11.1
167,21.1,28.8,13.8,1012.8,57,1.6,9.4,134.45833333333334,22.2
168,21.3,28.8,15.0,1011.9,58,1.9,9.6,110.0,16.5
169,19.0,28.8,12.5,1014.7,72,1.6,2.8,160.0,9.4
170,18.1,28.0,10.0,1016.1,66,1.4,1.7,118.91666666666669,7.6
171,17.2,28.4,9.8,1015.8,73,1.1,1.9,176.375,11.1
172,17.4,28.4,9.2,1016.6,74,1.1,1.5,185.95833333333331,11.1
173,16.0,26.1,9.1,1014.4,81,1.0,1.1,239.125,5.4
174,16.2,25.3,9.5,1013.4,81,0.8,2.2,312.2083333333333,14.8
175,16.5,24.5,10.8,1012.2,74,1.6,10.2,121.33333333333331,22.2
176,15.4,24.9,8.2,1012.8,82,1.0,0.7,202.875,3.5
177,15.5,24.9,9.4,1015.1,88,0.6,2.6,260.1666666666667,7.6
178,16.3,22.4,10.8,1012.8,91,0.6,3.1,277.7083333333333,11.1
179,15.4,19.7,11.6,1016.0,93,0.6,4.4,284.1666666666667,9.4
180,14.6,15.9,12.5,1016.9,95,0.5,0.4,288.4166666666667,3.5
181,13.6,20.4,7.5,1020.7,67,1.1,10.2,166.91666666666666,40.7
182,12.3,20.6,6.2,1019.4,71,1.3,4.4,169.0,18.3
183,11.9,17.1,6.5,1018.6,84,1.1,1.1,186.04166666666663,5.4
184,14.3,19.2,10.9,1020.5,91,1.6,4.8,11.1,
185,13.2,18.2,9.2,1021.0,92,0.8,7.6,255.875,11.1
186,11.1,18.3,5.0,1020.2,80,1.1,8.0,217.08333333333331,14.8
187,12.7,19.8,5.2,1017.9,78,1.3,5.4,229.16666666666663,14.8
188,11.9,20.7,4.4,1017.9,78,0.8,1.9,264.9166666666667,7.6
189,11.7,20.7,6.5,1017.3,89,0.3,0.9,404.5,7.6
190,13.9,21.6,7.0,1019.6,74,0.8,1.1,188.5,9.4
191,14.9,22.1,8.9,1017.2,78,1.0,2.8,164.75,7.6
192,12.0,22.1,9.6,1019.7,95,0.3,0.4,376.9166666666667,3.5
193,14.5,21.0,8.6,1023.2,88,1.3,3.5,0.0,7.6
194,14.6,22.3,9.0,1021.2,86,1.0,4.4,0.0,9.4
195,13.4,22.3,11.5,1020.6,98,1.4,6.9,57.0,13.0
196,11.7,18.2,9.4,1019.9,96,0.5,8.3,202.91666666666663,11.1
197,14.3,20.3,9.9,1019.1,88,0.6,8.9,205.125,14.8
198,16.6,24.0,10.1,1018.8,75,1.3,10.0,214.125,14.8
199,14.8,21.1,10.0,1019.3,86,0.5,3.0,315.7916666666667,11.1
200,13.9,21.1,10.8,1019.8,83,0.8,2.6,322.25,7.6
201,15.3,24.4,6.8,1016.9,79,0.6,1.9,246.04166666666663,7.6
202,18.6,27.8,8.9,1014.4,65,1.3,5.6,200.91666666666663,57.6
203,19.7,26.4,15.1,1009.3,72,1.6,15.0,99.5,29.4
204,13.8,26.4,9.6,1011.3,88,1.0,8.1,143.91666666666666,14.8
205,12.7,19.5,7.0,1012.0,66,1.4,9.3,100.25,25.9
206,15.3,22.6,5.6,1013.6,67,1.6,4.8,165.0,11.1
207,13.1,22.6,11.0,1011.8,97,1.1,5.4,116.45833333333331,11.1
208,12.6,17.7,9.2,1012.6,91,0.6,3.9,143.0,7.6
209,15.1,23.3,7.1,1016.7,77,0.8,1.9,231.125,7.6
210,16.1,24.5,8.2,1014.8,80,0.6,1.9,218.66666666666663,9.4
211,17.2,24.6,9.0,1014.2,75,1.4,8.9,211.0,14.8
212,17.9,25.2,10.3,1017.4,70,1.1,0.9,52.208333333333336,7.6
213,18.9,26.2,12.5,1014.4,72,1.3,2.4,187.5,9.4
214,18.6,25.3,13.0,1013.3,80,1.1,7.2,130.16666666666666,22.2
215,16.3,21.3,12.0,1015.1,90,1.1,4.3,123.125,13.0
216,16.1,21.8,10.0,1017.1,82,1.3,5.7,120.91666666666669,11.1
217,17.8,25.7,10.5,1016.3,67,2.1,3.7,153.625,11.1
218,18.4,25.9,11.0,1017.0,65,2.3,6.7,130.33333333333334,14.8
219,19.8,27.1,12.8,1017.2,66,2.6,9.8,110.70833333333331,24.1
220,22.3,29.0,14.0,1014.6,61,2.3,5.0,138.5,13.0
221,18.9,27.1,12.8,1016.1,65,2.6,9.8,75.75,18.3
222,19.7,27.6,12.0,1015.2,66,1.9,5.7,146.54166666666666,13.0
223,21.4,29.7,12.6,1016.4,65,1.4,2.8,116.625,9.4
224,21.7,28.4,16.2,1013.1,61,2.3,10.2,80.04166666666667,22.2
225,21.5,29.2,15.0,1010.8,59,2.6,7.4,100.04166666666669,18.3
226,22.4,32.5,14.5,1007.2,68,2.1,5.4,109.45833333333331,11.1
227,24.6,32.7,16.5,1010.6,64,1.8,2.8,110.16666666666669,11.1
228,25.2,32.7,19.1,1010.7,64,1.9,2.8,108.20833333333331,11.1
229,23.4,29.1,19.6,1011.7,69,1.9,4.8,103.83333333333331,9.4
230,24.2,30.8,17.0,1008.2,48,1.9,13.1,74.29166666666667,22.2
231,24.9,33.2,16.8,1006.2,49,2.6,9.6,101.79166666666669,25.9
232,26.8,35.2,17.7,1005.7,50,1.9,7.2,106.16666666666669,14.8
233,25.1,35.2,18.0,1010.4,53,2.1,10.4,89.875,25.9
234,27.2,38.0,21.0,1009.7,55,1.9,13.0,48.208333333333336,18.3
235,25.8,32.2,19.5,1010.3,49,2.6,12.6,47.04166666666666,18.3
236,25.7,32.8,17.5,1010.3,41,2.6,12.8,67.79166666666667,25.9
237,27.0,37.2,22.6,1009.8,49,1.9,15.6,56.66666666666666,27.8
238,27.7,34.5,21.5,1010.6,55,1.9,5.2,79.0,13.0
239,29.1,36.5,20.5,1009.2,53,1.8,2.6,123.58333333333331,11.1
240,25.6,32.3,20.0,1011.4,64,1.9,5.0,80.29166666666667,14.8
241,26.8,33.6,19.2,1010.5,53,1.6,4.6,137.875,11.1
242,28.1,35.8,18.6,1010.0,40,1.9,8.7,87.875,16.5
243,30.5,38.8,20.6,1006.0,41,2.4,8.1,121.20833333333331,22.2
244,31.5,38.8,22.1,1006.2,39,2.4,8.1,97.04166666666669,16.5
245,30.6,38.7,21.5,1007.0,36,1.9,8.3,92.08333333333331,18.3
246,34.8,42.8,24.2,1001.7,30,2.3,9.6,130.625,18.3
247,34.5,41.7,26.2,1001.8,33,1.9,6.5,90.5,11.1
248,31.8,41.7,26.2,1003.7,43,1.9,7.4,55.41666666666666,18.3
249,31.8,38.6,24.2,1004.3,54,1.9,1.9,108.33333333333331,7.6
250,32.2,39.5,25.2,1002.1,45,1.6,9.3,198.875,16.5
251,30.7,39.5,21.4,1000.5,43,1.6,6.5,120.70833333333331,14.8
252,25.2,30.6,18.0,1008.2,71,2.6,10.0,60.54166666666666,20.6
253,26.9,32.1,19.0,1006.6,62,1.8,8.5,79.0,18.3
254,29.7,35.4,23.0,1004.1,48,1.8,11.1,133.70833333333334,16.5
255,32.3,39.1,24.0,1006.6,36,2.3,11.7,53.25,24.1
256,31.9,38.8,26.5,1006.0,39,2.3,8.7,65.16666666666667,22.2
257,32.8,38.6,24.8,1002.3,40,1.9,9.6,83.58333333333333,18.3
258,32.4,40.6,23.2,1005.2,45,2.7,8.9,40.66666666666666,14.8
259,30.0,36.4,21.4,1007.2,60,2.6,4.1,48.125,14.8
260,31.8,38.8,24.0,1004.8,54,1.9,2.6,103.16666666666669,7.6
261,34.6,42.8,25.0,999.6,46,1.8,6.3,143.375,18.3
262,32.9,41.6,25.6,1003.0,44,2.9,17.4,44.79166666666666,55.4
263,32.8,39.9,25.0,1003.3,48,2.6,4.6,71.95833333333333,14.8
264,34.8,41.7,26.5,1000.0,40,2.6,6.5,17.5,14.8
265,38.5,44.9,30.8,994.0,31,1.9,13.1,101.0,29.4
266,37.8,45.1,28.6,993.3,34,1.9,6.7,76.20833333333333,18.3
267,37.9,45.5,30.1,993.1,38,1.9,5.9,84.33333333333333,16.5
268,30.3,41.1,22.7,997.7,62,2.6,16.7,48.833333333333336,29.4
269,30.5,37.1,25.5,997.3,73,2.6,6.5,64.45833333333333,22.2
270,33.9,40.6,28.0,997.0,59,2.1,8.1,80.54166666666667,25.9
271,35.6,41.4,28.4,993.2,55,1.9,10.9,65.41666666666667,18.3
272,37.9,43.0,31.0,991.5,44,2.3,17.8,54.66666666666666,25.9
273,36.9,41.7,32.7,994.0,49,1.9,9.8,78.54166666666667,24.1
274,33.3,39.0,25.3,997.7,56,1.9,9.8,49.125,16.5
275,32.4,38.1,23.5,1000.8,66,1.9,3.3,65.875,7.6
276,34.7,39.9,28.8,1001.5,55,1.9,9.4,72.41666666666667,22.2
277,31.2,35.2,27.0,1000.9,71,1.9,6.3,184.66666666666663,11.1
278,29.5,36.6,25.5,1000.9,76,1.8,5.7,113.33333333333331,14.8
279,28.9,36.6,26.1,998.4,80,1.9,5.2,146.20833333333334,14.8
280,34.0,38.8,26.8,998.1,55,1.9,5.6,112.29166666666669,14.8
281,34.9,40.3,28.6,996.8,48,1.9,9.6,60.625,25.9
282,35.9,40.5,29.6,996.3,46,1.9,13.7,71.0,27.8
283,33.3,42.3,29.2,997.8,69,1.9,5.2,153.41666666666666,9.4
284,32.4,40.2,25.9,997.2,74,1.9,6.7,134.95833333333334,14.8
285,33.2,39.0,28.5,996.2,68,1.9,8.9,81.125,11.1
286,29.8,33.6,25.4,995.1,76,1.9,6.3,52.25,18.3
287,30.8,34.6,26.5,996.6,74,1.9,6.3,160.375,14.8
288,32.1,35.8,27.2,996.1,71,1.9,4.6,99.375,9.4
289,30.7,33.9,26.5,1000.8,70,1.9,10.0,31.45833333333333,14.8
290,32.5,37.5,27.6,1001.9,67,1.9,7.2,47.375,18.3
291,31.7,37.5,28.1,1002.1,71,1.9,2.4,38.16666666666666,33.5
292,32.5,36.5,28.2,999.9,71,1.9,7.8,35.958333333333336,16.5
293,33.3,37.7,28.1,998.0,66,1.9,6.5,25.08333333333333,9.4
294,30.3,35.3,28.4,996.9,81,1.9,0.9,45.833333333333336,7.6
295,31.4,36.6,27.0,995.3,72,1.9,5.7,33.708333333333336,13.0
296,31.0,34.0,29.0,996.8,71,1.9,5.6,26.416666666666668,16.5
297,30.9,35.0,27.6,998.4,73,1.9,5.9,30.666666666666668,14.8
298,30.9,35.4,27.0,1000.3,75,1.9,4.8,29.95833333333333,16.5
299,32.0,36.6,27.0,998.1,63,2.3,20.7,23.875,27.8
300,30.5,36.2,25.4,997.3,65,2.3,18.5,22.33333333333333,29.4
301,31.2,35.7,27.6,999.0,62,1.9,14.6,25.08333333333333,27.8
302,33.0,37.0,27.0,1004.8,59,1.9,6.9,66.79166666666667,16.5
303,33.3,38.4,28.0,1002.5,54,1.9,8.9,64.875,18.3
304,32.6,38.4,28.0,1001.3,51,1.9,10.9,47.583333333333336,27.8
305,33.7,39.1,27.5,1002.6,53,2.7,7.8,33.5,16.5
306,34.1,39.4,29.0,1001.5,49,3.1,10.0,43.04166666666666,18.3
307,34.1,39.4,27.5,1001.1,53,2.9,8.0,38.41666666666666,20.6
308,27.5,34.8,25.0,1001.0,89,1.9,4.3,49.29166666666666,16.5
309,29.5,35.3,24.6,1001.1,71,2.3,10.9,19.541666666666668,48.2
310,29.4,35.3,26.3,1001.7,76,2.6,10.4,22.83333333333333,20.6
311,28.5,33.2,26.0,1001.3,82,1.9,15.0,24.291666666666668,25.9
312,30.9,34.7,25.7,1003.5,73,1.9,1.3,74.66666666666667,5.4
313,31.2,36.0,26.4,1003.3,72,1.9,3.5,41.875,13.0
314,30.8,36.0,26.8,1002.5,76,1.9,1.9,50.583333333333336,11.1
315,29.3,34.1,23.5,1004.1,73,1.8,4.3,58.125,11.1
316,29.0,34.8,24.6,1004.3,71,1.9,6.7,57.29166666666666,14.8
317,29.8,34.9,22.5,1004.2,68,2.6,6.7,38.25,18.3
318,31.0,36.3,25.3,1003.5,62,3.1,4.3,47.41666666666666,14.8
319,31.0,36.3,26.0,1002.8,61,2.3,4.4,56.91666666666666,11.1
320,30.4,36.2,25.2,1003.6,61,2.6,5.6,54.625,14.8
321,30.0,35.8,24.2,1007.7,58,2.6,9.6,45.958333333333336,18.3
322,30.1,35.7,24.0,1008.1,57,2.4,5.7,52.25,16.5
323,30.7,36.3,25.4,1009.2,54,3.1,8.9,43.333333333333336,16.5
324,31.0,36.9,24.3,1010.1,54,3.1,3.1,41.958333333333336,11.1
325,30.3,36.9,24.6,1009.1,58,2.6,2.8,0.0,9.4
326,30.7,37.0,24.4,1008.1,57,2.7,2.0,0.0,14.8
327,30.9,37.2,24.5,1008.3,65,1.6,1.1,45.75,5.4
328,29.6,35.2,24.9,1009.9,59,1.9,3.0,70.70833333333333,20.6
329,27.6,34.6,22.2,1010.0,56,2.3,3.3,51.79166666666666,11.1
330,27.6,34.5,18.6,1009.8,66,1.8,8.7,0.0,14.8
331,24.4,33.6,21.4,1011.0,75,1.9,5.4,11.583333333333334,14.8
332,24.5,30.4,19.6,1014.8,73,2.1,3.1,13.0,7.6
333,23.8,31.5,16.5,1012.5,61,1.4,4.3,156.25,11.1
334,24.7,32.3,16.6,1013.3,60,1.8,4.4,156.0,14.8
335,25.4,33.3,18.0,1014.5,60,1.4,2.0,151.79166666666666,5.4
336,25.4,33.1,18.6,1012.3,71,1.0,0.9,252.625,3.5
337,25.1,32.3,19.4,1014.9,69,1.4,2.0,119.41666666666669,9.4
338,24.9,32.6,19.5,1013.7,67,1.4,1.9,126.0,9.4
339,23.2,32.1,16.0,1013.7,62,1.0,3.7,232.33333333333331,11.1
340,22.5,29.3,16.6,1014.0,57,1.3,5.4,215.54166666666663,11.1
341,22.7,31.1,15.8,1014.5,54,1.4,7.2,239.41666666666663,20.6
342,23.4,31.2,15.0,1013.4,58,1.1,4.1,196.54166666666663,14.8
343,23.9,31.7,16.6,1012.9,69,1.0,2.4,232.54166666666663,11.1
344,24.0,32.1,17.1,1014.6,69,1.3,1.7,185.5,9.4
345,24.2,31.6,17.2,1015.3,62,1.1,4.3,282.1666666666667,11.1
346,18.5,27.6,11.7,1016.6,56,1.3,3.3,257.6666666666667,11.1
347,18.3,27.6,9.0,1016.4,48,1.3,7.4,166.875,22.2
348,18.6,27.5,10.6,1014.8,51,1.3,2.8,135.16666666666666,11.1
349,17.6,28.8,8.5,1016.6,59,1.3,1.1,211.45833333333331,9.4
350,18.4,28.8,11.7,1014.9,58,1.4,3.7,215.5,9.4
351,17.2,27.8,9.8,1014.1,64,1.0,2.0,223.375,11.1
352,16.4,26.6,8.0,1015.0,57,1.3,2.6,135.58333333333334,14.8
353,17.4,26.7,9.0,1011.2,55,1.4,6.3,152.04166666666666,14.8
354,20.1,30.0,11.4,1013.8,47,1.8,8.9,46.708333333333336,22.2
355,20.1,29.0,13.8,1014.3,52,1.9,7.2,91.75,22.2
356,20.3,28.1,14.0,1013.6,52,1.9,9.3,99.91666666666669,22.2
357,17.2,27.4,10.5,1014.9,52,1.6,4.8,119.70833333333331,14.8
358,17.1,26.3,10.2,1015.1,54,1.6,2.8,110.875,11.1
359,15.8,22.3,10.4,1016.2,77,1.0,8.9,203.58333333333331,14.8
360,15.0,20.8,13.2,1016.8,93,1.1,3.5,25.08333333333333,9.4
361,14.2,20.0,10.4,1019.2,82,1.6,1.9,57.083333333333336,9.4
362,11.7,17.6,7.4,1022.3,85,0.3,0.4,349.2916666666667,3.5
363,11.3,17.5,7.2,1018.8,81,0.8,5.7,188.04166666666663,13.0
364,9.5,17.5,5.6,1018.1,84,0.5,0.9,310.25,3.5
365,9.3,16.0,6.0,1020.0,85,0.6,8.1,204.375,14.8
366,10.8,17.0,6.3,1017.7,82,0.8,7.8,223.25,11.1
367,10.4,19.2,4.8,1018.6,71,0.8,2.8,248.95833333333331,11.1
368,14.9,21.6,8.8,1017.4,76,0.8,0.9,172.75,7.6
369,14.7,21.6,10.2,1018.1,97,0.6,3.1,146.79166666666666,9.4
370,15.0,16.8,13.6,1017.5,94,0.5,0.9,113.875,7.6
371,9.8,17.6,6.4,1016.6,90,0.5,3.9,227.0,11.1
372,10.1,14.5,7.2,1019.2,90,0.3,3.3,231.25,7.6
373,10.5,16.3,6.8,1020.1,84,0.5,1.5,272.125,5.4
374,12.3,18.3,4.0,1017.1,81,0.5,4.8,228.79166666666663,9.4
375,12.1,18.3,9.0,1017.5,86,0.6,5.2,200.875,9.4
376,12.3,19.0,5.8,1019.3,82,0.5,0.9,214.04166666666663,7.6
377,13.9,21.6,9.4,1019.0,79,1.0,1.9,217.25,14.8
378,13.4,20.7,9.8,1020.1,80,0.8,7.2,212.45833333333331,11.1
379,13.3,17.5,9.5,1021.2,79,0.8,3.7,202.66666666666663,7.6
380,13.1,18.3,8.5,1020.6,80,0.8,4.1,138.79166666666666,14.8
381,13.7,18.3,11.6,1019.9,91,0.6,0.9,153.08333333333334,7.6
382,13.3,18.4,9.8,1019.3,79,1.0,5.2,159.70833333333334,14.8
383,13.8,21.5,7.2,1018.0,60,2.4,9.1,151.875,24.1
384,15.1,24.0,6.7,1017.6,66,1.3,5.0,224.79166666666663,11.1
385,17.3,23.8,10.4,1017.5,70,1.0,11.9,177.625,18.3
386,16.7,23.8,13.0,1020.7,75,0.8,7.2,149.625,14.8
387,15.7,25.6,7.4,1016.9,68,1.4,1.9,161.16666666666666,7.6
388,16.7,25.6,9.3,1017.5,66,1.4,4.4,136.75,13.0
389,16.9,25.5,10.5,1019.9,65,2.3,5.6,50.91666666666666,22.2
390,17.2,25.5,9.3,1012.8,61,2.4,6.7,120.20833333333331,20.6
391,19.3,28.6,10.6,1009.5,65,2.6,4.3,137.125,14.8
392,18.9,28.6,11.2,1012.8,73,0.8,1.5,197.08333333333331,7.6
393,22.9,29.3,17.0,1012.4,78,1.6,7.6,166.375,14.8
394,22.8,29.3,18.0,1013.7,72,1.9,7.2,126.58333333333331,14.8
395,21.9,29.1,15.2,1014.1,69,2.3,11.3,94.91666666666669,18.3
396,23.2,28.6,18.4,1008.5,65,1.4,6.5,133.95833333333334,13.0
397,20.0,27.6,14.5,1009.8,42,1.9,6.7,69.25,11.1
398,19.2,27.6,11.1,1013.0,49,2.6,5.7,79.29166666666667,11.1
399,17.3,19.0,15.2,1011.0,94,1.8,14.8,31.625,24.1
400,17.4,22.1,14.6,1012.6,92,1.9,6.7,20.416666666666668,16.5
401,16.1,22.1,12.8,1013.8,84,1.8,5.6,61.125,13.0
402,18.6,27.3,12.5,1014.0,79,2.6,3.9,49.583333333333336,13.0
403,19.4,27.6,14.0,1015.2,79,2.3,7.8,34.916666666666664,18.3
404,18.1,24.1,13.3,1021.1,60,2.7,12.2,47.5,20.6
405,21.3,28.3,14.2,1014.7,70,1.6,4.1,128.83333333333334,9.4
406,21.6,27.3,15.8,1015.3,71,2.6,7.8,56.333333333333336,20.6
407,17.7,27.3,16.0,1015.3,92,1.9,11.5,20.291666666666668,18.3
408,21.1,28.3,14.0,1014.8,69,2.4,5.4,59.16666666666666,13.0
409,22.5,30.2,14.5,1014.8,68,2.6,9.1,83.83333333333333,22.2
410,24.9,31.7,15.8,1014.8,65,2.6,5.9,89.375,13.0
411,26.8,35.1,18.5,1011.7,68,2.3,2.6,101.375,11.1
412,28.6,36.5,20.3,1012.4,59,1.8,9.3,109.75,55.4
413,27.7,35.6,20.4,1011.7,54,2.7,7.4,42.91666666666666,24.1
414,25.1,30.8,19.0,1010.4,70,2.1,3.7,47.25,11.1
415,26.4,32.5,20.3,1007.4,64,1.9,2.4,81.20833333333333,9.4
416,28.7,34.7,21.0,1004.7,53,1.9,9.4,52.29166666666666,18.3
417,24.4,34.7,19.0,1004.6,76,3.1,7.0,28.45833333333333,14.8
418,23.9,31.4,19.2,1010.2,69,1.9,9.8,49.5,13.0
419,25.2,32.2,18.2,1012.0,56,2.6,6.7,75.16666666666667,16.5
420,25.8,32.5,18.6,1010.3,58,2.7,9.1,53.125,24.1
421,24.9,32.2,19.0,1013.7,74,2.3,7.0,54.708333333333336,13.0
422,26.4,32.5,20.0,1012.8,68,2.6,3.0,52.625,11.1
423,27.6,34.3,20.8,1013.0,65,3.1,5.9,51.375,14.8
424,32.0,40.6,21.6,1003.9,45,2.7,4.3,94.33333333333331,9.4
425,32.8,40.6,26.0,1005.8,45,1.9,7.2,92.91666666666669,11.1
426,31.8,39.6,25.4,1005.6,35,1.9,11.1,80.20833333333333,27.8
427,30.4,39.1,22.2,1005.9,51,1.9,13.0,71.66666666666667,22.2
428,28.8,37.1,22.8,1008.0,59,1.9,15.7,31.83333333333333,25.9
429,30.2,37.1,23.5,1006.7,59,1.9,17.6,47.66666666666666,33.5
430,31.2,39.4,24.2,1005.8,52,2.7,5.4,48.125,14.8
431,30.2,37.6,23.6,1006.3,47,2.6,4.4,56.25,11.1
432,30.9,38.9,21.7,1006.7,44,2.7,3.0,103.41666666666669,11.1
433,35.7,42.7,27.6,1003.4,21,1.9,14.4,76.875,27.8
434,34.1,42.7,27.0,1003.2,29,1.9,12.2,86.375,27.8
435,35.1,42.7,25.7,1001.6,35,2.3,8.3,77.70833333333333,18.3
436,28.3,38.7,23.8,1006.5,65,2.4,7.8,48.5,14.8
437,29.9,35.9,22.0,1007.4,56,2.6,4.4,55.083333333333336,11.1
438,28.7,35.8,24.2,1006.5,58,1.9,7.0,67.45833333333333,18.3
439,31.4,41.5,24.9,1002.2,50,1.8,14.8,18.875,50.0
440,33.2,41.5,22.4,1002.0,38,2.4,14.6,61.5,22.2
441,35.8,42.6,27.0,1000.4,30,2.6,11.3,68.91666666666667,24.1
442,37.8,45.5,28.0,996.7,29,2.6,10.9,77.375,22.2
443,35.3,45.5,24.4,999.2,33,2.3,17.0,63.91666666666666,55.4
444,33.8,45.0,24.8,1001.3,26,2.6,6.7,63.66666666666666,18.3
445,35.3,40.6,28.9,1000.7,30,1.9,15.2,63.625,27.8
446,30.1,40.6,23.5,1002.2,47,1.9,14.3,25.45833333333333,29.4
447,31.6,39.9,22.2,1003.4,46,1.9,8.5,20.75,20.6
448,28.7,34.1,23.6,1004.3,59,1.9,6.7,40.5,11.1
449,35.1,42.5,26.0,999.4,42,2.6,7.2,64.83333333333333,16.5
450,36.3,42.9,27.7,998.7,38,2.6,6.3,63.0,22.2
451,37.6,42.4,30.0,998.8,32,1.9,18.7,73.83333333333333,27.8
452,31.9,41.6,28.0,998.8,52,2.3,9.4,31.875,14.8
453,27.0,39.7,20.5,1000.2,82,1.9,3.9,54.958333333333336,13.0
454,30.8,34.9,25.5,999.4,66,1.9,3.1,77.75,9.4
455,35.9,41.6,29.0,996.7,54,1.9,8.5,75.33333333333333,18.3
456,33.0,42.3,27.2,997.8,56,1.9,13.0,32.583333333333336,25.9
457,30.4,34.4,25.3,997.0,70,1.9,5.6,28.375,20.6
458,26.5,36.8,22.4,994.9,86,1.8,6.3,28.541666666666668,11.1
459,31.5,36.8,24.0,994.7,62,1.8,11.7,51.04166666666666,22.2
460,32.7,38.0,27.0,996.9,56,1.9,14.1,40.0,29.4
461,31.9,37.8,25.0,1001.8,61,1.9,4.3,37.583333333333336,9.4
462,33.8,38.9,27.0,1001.1,54,1.9,7.0,37.625,13.0
463,33.4,39.8,27.6,999.7,54,1.9,13.0,34.375,25.9
464,28.3,33.6,23.3,998.4,87,1.9,1.7,42.29166666666666,7.6
465,31.2,35.8,24.8,998.6,77,1.9,2.8,45.66666666666666,11.1
466,29.7,35.8,25.2,998.9,82,1.9,2.6,40.625,9.4
467,29.9,33.7,23.3,1000.6,78,2.6,4.8,26.875,11.1
468,31.1,35.6,26.4,998.5,73,1.9,10.9,30.70833333333333,18.3
469,33.4,37.0,27.0,994.1,61,1.9,17.2,10.208333333333334,29.4
470,30.1,34.7,26.0,997.7,76,1.9,0.7,43.04166666666666,5.4
471,29.1,34.7,24.4,999.2,82,1.9,4.8,19.416666666666668,11.1
472,31.5,35.7,25.7,999.9,74,1.9,8.1,8.416666666666666,13.0
473,31.3,36.5,27.3,999.3,73,2.7,8.7,0.0,14.8
474,30.0,36.6,27.0,998.8,76,2.6,16.9,0.0,25.9
475,29.7,34.7,24.6,1000.2,74,2.7,11.3,4.833333333333333,18.3
476,28.9,31.6,25.0,999.7,77,1.9,4.1,15.375,14.8
477,28.4,32.6,25.4,1002.7,77,1.9,0.9,19.83333333333333,7.6
478,29.8,33.9,25.0,1003.5,75,1.9,2.6,25.791666666666668,7.6
479,31.6,35.5,25.4,1001.9,63,1.9,5.4,22.70833333333333,11.1
480,29.4,34.4,26.4,999.9,86,1.8,2.2,31.33333333333333,14.8
481,28.8,34.4,25.3,1001.7,88,1.6,1.7,47.41666666666666,7.6
482,27.5,30.8,25.0,1000.2,92,1.3,3.0,33.791666666666664,7.6
483,31.9,35.8,28.0,1001.8,75,1.9,0.4,39.04166666666666,3.5
484,30.9,35.8,28.6,1001.8,78,1.9,3.3,41.708333333333336,14.8
485,31.6,35.6,25.8,1002.7,67,2.9,13.0,12.25,22.2
486,30.9,35.5,27.7,1001.5,66,1.9,14.6,14.5,27.8
487,29.5,34.5,27.6,1002.0,77,1.9,8.5,23.916666666666668,18.3
488,32.0,35.6,27.0,1000.9,64,3.4,10.0,27.375,20.6
489,31.9,36.2,28.0,1001.1,68,2.6,4.8,29.20833333333333,14.8
490,32.4,36.9,28.1,1001.9,68,2.7,5.4,36.5,11.1
491,32.2,36.8,28.4,1002.0,61,2.6,14.6,27.83333333333333,24.1
492,32.1,36.6,28.0,1000.8,56,1.9,15.4,44.125,25.9
493,31.9,36.6,27.5,1001.7,54,1.9,12.8,62.25,24.1
494,31.4,36.5,27.6,1005.5,56,1.9,11.7,60.125,25.9
495,31.5,36.9,26.6,1005.7,53,1.9,9.4,34.666666666666664,22.2
496,31.9,36.9,26.8,1005.8,54,2.7,11.9,39.208333333333336,35.2
497,31.0,36.7,26.4,1005.7,54,2.6,10.2,38.708333333333336,31.7
498,32.2,37.9,27.3,1005.8,61,1.9,1.3,69.95833333333333,3.5
499,31.8,37.9,26.8,1003.5,59,1.9,2.6,94.375,9.4
500,32.9,38.0,27.5,1003.3,62,1.9,0.4,85.75,3.5
501,30.4,35.9,26.0,1003.6,78,1.6,2.0,51.66666666666666,7.6
502,29.1,34.8,27.2,1003.4,76,1.9,4.6,39.41666666666666,11.1
503,30.2,36.5,26.2,1002.3,70,1.9,5.7,23.95833333333333,14.8
504,28.4,33.9,23.5,1003.8,55,2.6,8.5,43.5,20.6
505,29.4,35.1,23.7,1005.3,60,2.3,6.3,50.41666666666666,14.8
506,28.6,35.2,25.0,1007.2,64,2.3,3.0,55.708333333333336,9.4
507,28.1,35.3,21.5,1011.8,56,2.6,5.6,57.125,13.0
508,28.6,35.6,22.7,1009.0,72,1.9,6.5,112.29166666666669,18.3
509,28.5,35.4,23.2,1007.3,70,1.9,4.4,97.70833333333331,14.8
510,28.6,36.0,21.8,1004.3,65,1.9,6.1,80.70833333333333,24.1
511,29.6,35.5,25.0,1011.0,69,1.9,3.7,81.625,9.4
512,28.2,34.9,22.9,1012.7,70,1.9,3.9,65.375,9.4
513,27.6,34.9,21.5,1013.6,71,1.8,0.4,84.375,3.5
514,28.2,36.1,21.9,1011.7,70,1.9,3.5,141.95833333333334,9.4
515,27.7,36.2,22.9,1009.9,69,1.9,3.0,153.375,9.4
516,26.6,36.2,21.0,1012.0,68,1.6,2.0,162.875,7.6
517,26.4,34.4,18.3,1012.8,53,2.1,5.4,0.0,14.8
518,25.4,34.4,20.3,1015.0,59,1.9,5.6,49.333333333333336,16.5
519,24.7,33.3,18.5,1014.0,61,2.3,3.5,107.33333333333331,7.6
520,22.3,29.8,15.6,1016.0,73,1.6,1.1,273.625,5.4
521,22.9,31.4,16.2,1016.1,73,1.4,0.9,256.9583333333333,3.5
522,23.4,31.8,17.3,1015.8,75,1.6,0.4,185.08333333333331,3.5
523,23.9,31.8,18.6,1014.2,73,1.8,0.4,249.5,1.9
524,21.9,30.2,16.1,1014.8,79,0.5,1.1,365.75,7.6
525,21.9,29.0,17.1,1016.0,75,1.1,1.9,241.875,5.4
526,22.1,29.8,16.1,1015.0,77,1.3,0.7,176.875,3.5
527,22.3,29.3,16.1,1014.9,64,0.8,5.4,353.0416666666667,18.3
528,22.4,29.8,16.5,1012.0,65,1.1,3.5,257.4166666666667,13.0
529,18.5,27.7,11.5,1017.6,68,1.3,0.9,207.83333333333331,7.6
530,18.6,27.7,11.4,1016.4,69,1.1,0.4,268.1666666666667,3.5
531,18.8,28.5,11.5,1015.4,69,0.8,1.3,278.3333333333333,3.5
532,19.3,28.0,13.0,1014.7,61,1.9,5.7,157.5,18.3
533,20.0,29.1,11.9,1012.6,64,1.4,0.9,156.375,7.6
534,18.4,29.1,13.5,1011.4,71,1.3,2.6,200.5,7.6
535,19.3,28.0,13.8,1014.7,81,0.6,1.7,212.125,7.6
536,17.9,26.2,13.5,1016.2,75,0.8,2.0,190.5,11.1
537,17.6,24.6,11.2,1016.1,75,0.8,7.0,236.41666666666663,18.3
538,17.8,26.2,11.0,1017.1,79,0.6,2.0,286.375,7.6
539,20.2,27.0,12.0,1015.8,68,1.0,1.3,288.0833333333333,5.4
540,19.2,26.9,11.6,1015.4,78,1.0,4.8,302.4583333333333,14.8
541,14.8,21.0,6.8,1016.4,63,2.4,5.4,163.0,13.0
542,14.6,21.3,6.0,1017.1,59,2.6,8.1,161.375,14.8
543,15.2,22.2,7.0,1016.5,60,2.4,7.0,157.375,14.8
544,14.4,21.1,6.8,1019.1,65,1.6,5.6,245.91666666666663,13.0
545,12.6,21.0,0.0,1018.9,68,1.4,2.6,264.5833333333333,9.4
546,13.7,21.0,5.6,1018.8,71,1.3,1.5,253.29166666666663,7.6
547,13.3,19.3,5.5,1021.9,62,1.9,7.8,181.20833333333331,14.8
548,14.4,21.5,5.5,1021.0,60,1.8,8.9,210.875,18.3
549,16.3,22.5,7.6,1020.6,64,1.4,8.1,255.33333333333331,14.8
550,16.9,25.1,6.6,1021.3,65,1.1,2.0,284.7958333333333,7.6
551,15.5,24.1,7.7,1021.0,71,1.1,3.5,219.72083333333333,11.1
552,14.9,22.8,8.0,1018.4,73,1.1,5.9,182.1875,13.0
553,18.3,24.7,11.5,1018.1,85,0.5,1.1,154.03750000000002,7.6
554,16.5,24.7,12.0,1017.4,82,0.6,8.0,223.20833333333331,13.0
555,16.6,22.2,10.2,1015.4,65,1.8,10.0,200.64583333333337,20.6
556,18.2,25.1,12.0,1014.4,77,0.6,5.0,285.225,11.1
557,15.6,23.2,10.9,1015.6,82,0.6,4.3,236.825,9.4
558,13.0,19.0,9.6,1016.9,85,0.8,10.7,276.90833333333336,16.5
559,12.3,19.0,8.9,1015.8,91,0.5,4.6,108.0,9.4
560,11.9,15.7,7.5,1018.9,86,0.8,6.1,107.625,11.1
561,12.0,17.0,6.7,1019.8,75,1.3,7.6,125.89166666666668,13.0
562,11.7,18.0,6.4,1017.3,76,0.8,4.4,181.01250000000005,13.0
563,14.6,21.0,6.8,1015.6,81,0.6,2.4,152.55416666666667,7.6
564,17.7,24.0,9.0,1014.5,69,1.4,4.4,152.32083333333335,9.4
565,17.4,27.2,12.2,1016.4,79,1.1,7.8,319.7375,18.3
566,15.9,22.4,8.4,1017.6,66,2.4,7.2,332.7083333333333,16.5
567,15.2,22.6,6.6,1018.2,56,1.9,8.9,279.6,22.2
568,12.7,19.5,8.0,1017.6,69,1.3,8.3,179.11666666666667,18.3
569,15.6,24.6,10.7,1015.7,81,1.3,2.8,54.79166666666666,9.4
570,17.1,23.2,9.0,1017.1,69,1.8,5.9,93.375,11.1
571,17.6,24.0,10.1,1014.8,67,1.4,5.9,103.0,14.8
572,17.2,26.0,11.5,1014.7,65,2.3,5.7,132.20833333333334,14.8
573,17.7,24.4,9.7,1017.0,64,2.1,8.0,127.70833333333331,18.3
574,17.4,24.4,10.1,1018.9,61,2.3,6.1,109.33333333333331,11.1
575,23.1,30.0,15.6,1014.9,71,1.4,4.1,56.458333333333336,9.4
576,23.7,29.8,18.7,1014.0,75,1.4,11.1,135.83333333333334,18.3
577,20.9,27.8,15.8,1014.4,62,2.6,17.2,122.5,27.8
578,22.6,30.3,11.5,1015.4,57,2.4,5.4,69.66666666666667,11.1
579,22.7,30.4,12.8,1017.7,56,2.6,2.4,79.83333333333333,7.6
580,22.7,30.6,13.0,1018.4,58,2.4,3.3,62.708333333333336,7.6
581,25.0,31.0,15.0,1015.7,59,1.9,1.7,1.9166666666666667,5.4
582,24.9,32.4,15.2,1015.0,57,1.9,1.7,1.8333333333333333,9.4
583,26.8,33.4,15.7,1014.5,52,2.4,4.6,1.7916666666666667,9.4
584,23.7,29.1,15.8,1011.9,67,2.1,5.2,117.58333333333331,11.1
585,23.4,29.1,17.0,1011.4,63,2.1,6.7,122.70833333333331,16.5
586,24.3,29.0,15.6,1011.7,56,1.9,10.0,76.54166666666667,18.3
587,24.3,31.0,16.8,1010.8,66,3.4,6.9,59.208333333333336,14.8
588,22.4,29.5,17.1,1014.1,68,3.4,6.3,77.20833333333333,16.5
589,24.1,29.2,14.5,1014.4,59,2.4,8.5,87.83333333333333,18.3
590,26.8,33.0,19.0,1008.8,61,2.3,3.5,123.70833333333331,11.1
591,27.1,33.0,19.0,1009.9,61,2.6,2.8,64.79166666666667,13.0
592,26.5,32.8,19.5,1010.5,45,2.9,12.2,62.875,25.9
593,29.8,36.2,18.2,1012.7,52,2.4,3.3,52.04166666666666,7.6
594,24.7,36.6,19.7,1012.8,66,2.4,9.4,128.33333333333334,14.8
595,26.2,32.0,19.5,1012.5,56,3.1,9.1,87.58333333333333,14.8
596,29.9,37.0,19.5,1008.3,39,2.7,4.4,23.20833333333333,9.4
597,30.4,37.5,21.6,1006.3,41,2.6,12.0,15.166666666666666,27.8
598,32.3,39.0,21.5,1007.3,39,3.4,5.4,21.25,13.0
599,33.4,39.1,24.8,1008.0,47,2.1,2.6,25.75,7.6
600,29.5,36.9,21.5,1007.2,41,2.3,11.3,105.33333333333331,16.5
601,29.3,36.0,18.8,1008.8,37,3.2,4.8,117.75,11.1
602,30.9,37.0,19.0,1008.9,33,2.6,6.9,20.791666666666668,14.8
603,31.6,38.0,23.2,1002.6,30,3.1,18.7,46.91666666666666,35.2
604,33.1,39.0,24.0,1003.0,26,2.6,10.4,104.625,24.1
605,33.6,40.0,23.0,1003.8,27,2.4,9.8,109.625,18.3
606,34.0,40.6,26.3,1005.5,29,2.6,13.9,0.0,22.2
607,33.9,39.6,25.8,1002.7,28,2.7,15.7,30.875,29.4
608,33.3,39.4,24.8,1000.7,28,3.1,8.3,75.58333333333333,18.3
609,33.4,40.0,21.2,1006.3,27,2.6,3.7,0.0,14.8
610,33.2,40.3,22.2,1005.1,29,2.3,5.0,0.0,14.8
611,34.0,40.7,22.2,1004.6,24,2.4,11.9,0.0,22.2
612,34.7,41.5,22.0,1001.7,24,2.3,8.5,142.5,16.5
613,38.0,44.0,23.8,1001.1,20,2.6,9.6,133.375,29.4
614,35.4,44.0,28.0,1003.2,35,2.7,6.5,102.41666666666669,18.3
615,33.2,38.0,25.0,1004.6,41,2.7,4.6,158.29166666666666,9.4
616,35.1,39.2,25.3,1005.1,40,2.4,7.2,149.58333333333334,11.1
617,33.8,39.8,27.6,1005.5,44,2.4,9.8,107.29166666666669,16.5
618,37.1,42.0,27.5,1000.7,30,2.9,8.3,106.5,18.3
619,36.5,43.0,27.0,1001.8,35,2.6,4.1,128.125,22.2
620,37.3,42.4,27.4,1002.4,32,2.6,4.8,108.0,14.8
621,37.3,43.7,28.6,997.4,44,2.6,9.4,98.41666666666669,22.2
622,37.3,42.8,31.2,996.2,49,2.6,8.3,94.375,14.8
623,36.2,41.5,30.7,995.3,50,2.9,10.9,118.5,18.3
624,32.9,39.0,27.4,996.6,50,2.4,9.4,110.41666666666669,27.8
625,34.6,39.0,26.0,998.4,49,2.4,6.7,95.83333333333331,16.5
626,37.4,41.0,30.6,998.8,31,1.9,14.1,93.5,27.8
627,32.7,37.5,24.7,1002.3,55,2.4,7.4,38.66666666666666,18.3
628,36.0,40.0,26.6,1001.7,46,3.1,9.1,45.375,22.2
629,37.7,42.0,30.7,1000.9,37,2.6,11.9,65.16666666666667,22.2
630,37.6,43.0,28.7,1001.2,42,2.4,2.8,67.08333333333333,11.1
631,34.6,40.3,28.7,1001.1,51,2.7,10.2,77.66666666666667,25.9
632,35.9,41.0,28.6,998.6,50,2.6,8.5,70.25,18.3
633,35.7,41.2,30.0,997.6,48,2.3,9.3,75.125,27.8
634,36.0,41.0,27.6,997.7,46,2.4,12.8,77.0,25.9
635,32.6,40.7,26.0,996.9,59,2.6,11.9,32.958333333333336,29.4
636,34.7,38.0,30.5,995.4,55,2.4,10.4,40.833333333333336,18.3
637,35.6,40.0,30.0,1000.7,57,3.1,9.4,90.70833333333331,25.9
638,31.1,40.1,26.0,999.8,74,2.4,7.6,97.29166666666669,14.8
639,32.9,38.6,27.0,999.7,64,2.4,8.9,79.83333333333333,16.5
640,35.5,39.9,31.2,999.7,60,2.4,9.8,40.375,18.3
641,34.9,39.6,29.6,999.6,61,2.4,7.8,49.41666666666666,14.8
642,34.4,39.4,26.0,998.3,63,2.3,8.0,43.66666666666666,14.8
643,32.2,39.8,25.4,995.4,73,2.3,8.3,0.0,14.8
644,28.4,36.6,24.4,998.1,82,2.4,5.2,29.666666666666668,9.4
645,29.6,32.0,25.7,997.6,80,2.3,2.0,47.75,7.6
646,33.6,36.7,28.8,996.7,66,5.8,5.9,43.66666666666666,11.1
647,30.7,36.9,28.8,996.8,78,2.3,5.4,29.83333333333333,27.8
648,33.3,37.0,27.8,996.2,68,2.6,6.7,29.666666666666668,11.1
649,31.1,34.2,27.8,997.8,78,2.6,6.9,37.625,24.1
650,30.4,35.4,26.7,997.8,82,2.1,5.2,41.458333333333336,14.8
651,31.0,35.2,26.0,997.9,80,2.4,7.2,53.125,18.3
652,32.4,35.2,26.2,999.0,72,2.9,13.5,36.0,25.9
653,34.1,37.0,28.5,998.5,63,3.2,13.0,70.58333333333333,22.2
654,34.1,37.2,29.0,998.4,61,2.6,11.5,52.458333333333336,22.2
655,31.9,35.0,28.3,1001.3,72,2.1,2.8,38.25,9.4
656,30.3,35.0,27.6,1002.6,83,2.3,6.5,26.58333333333333,16.5
657,28.3,35.8,26.8,1003.9,89,1.6,4.3,57.583333333333336,11.1
658,29.2,31.0,26.0,1000.0,85,1.8,4.6,41.375,13.0
659,29.1,32.6,26.4,998.6,85,1.8,5.9,25.541666666666668,13.0
660,30.9,35.0,26.0,997.4,73,2.6,6.5,28.375,11.1
661,32.6,36.0,26.2,997.8,66,3.4,5.6,40.333333333333336,9.4
662,33.3,36.0,26.4,999.7,67,3.2,7.8,35.375,18.3
663,33.4,36.5,28.6,999.9,66,2.9,9.8,31.916666666666668,16.5
664,31.2,36.7,28.0,997.8,75,2.7,9.1,36.79166666666666,14.8
665,29.9,34.0,25.5,1000.2,80,1.4,3.3,26.83333333333333,11.1
666,29.0,33.7,26.0,999.1,85,2.1,6.5,21.125,22.2
667,31.3,34.5,27.0,997.6,71,3.2,12.2,18.0,22.2
668,31.7,34.0,26.4,999.0,71,2.6,2.0,43.583333333333336,11.1
669,32.6,36.0,27.6,999.6,70,2.7,10.6,46.04166666666666,20.6
670,31.2,35.9,26.1,1000.4,71,3.2,8.7,28.75,18.3
671,31.0,35.0,26.8,1004.1,76,2.6,6.1,64.91666666666667,14.8
672,30.8,35.2,26.8,1005.0,76,2.7,3.7,30.666666666666668,18.3
673,27.3,33.3,24.0,1002.4,89,2.1,7.8,33.166666666666664,27.8
674,27.8,31.0,25.2,1001.3,88,2.4,4.6,30.625,7.6
675,30.7,34.0,25.5,1000.1,73,2.6,13.7,30.33333333333333,22.2
676,30.7,34.0,25.0,1000.5,65,3.4,12.0,31.75,27.8
677,31.1,35.0,25.0,1003.1,64,3.2,10.4,0.0,18.3
678,31.3,35.0,26.0,1004.6,63,3.2,11.5,0.0,18.3
679,31.4,36.0,26.7,1006.7,65,3.1,8.3,83.45833333333333,13.0
680,30.4,35.6,25.7,1006.5,72,2.9,4.3,71.66666666666667,14.8
681,31.7,37.1,26.0,1003.2,63,2.9,1.7,62.375,5.4
682,32.5,37.2,25.3,1003.0,59,3.1,1.7,24.875,7.6
683,32.6,37.4,27.0,1005.8,63,2.6,6.3,37.333333333333336,13.0
684,30.7,34.8,25.6,1004.5,66,2.6,3.3,41.5,11.1
685,31.4,35.2,26.0,1005.8,62,3.1,2.0,48.91666666666666,7.6
686,31.9,36.0,26.5,1007.2,66,2.3,2.4,26.666666666666668,7.6
687,32.4,36.4,27.5,1007.8,65,3.1,3.5,29.0,11.1
688,30.3,35.0,24.7,1007.3,62,2.3,7.6,60.54166666666666,18.3
689,29.9,35.0,23.0,1006.3,60,2.6,6.7,41.583333333333336,24.1
690,30.0,36.0,22.5,1004.9,63,2.6,3.0,50.91666666666666,7.6
691,28.6,35.0,19.8,1008.2,49,3.7,11.5,82.83333333333333,22.2
692,28.3,35.2,19.0,1009.4,53,3.4,9.1,95.25,35.9
693,26.8,35.2,17.5,1010.4,57,2.6,5.7,115.83333333333331,13.0
694,27.6,35.0,17.6,1007.6,53,3.1,5.9,136.70833333333334,13.0
695,27.7,35.0,18.6,1006.9,52,3.1,7.8,160.66666666666666,28.7
696,27.3,35.0,19.0,1007.8,55,3.2,7.2,173.58333333333334,27.8
697,27.2,34.5,19.5,1009.0,58,3.1,11.1,261.6666666666667,25.9
698,26.4,33.0,18.4,1012.4,60,2.6,4.6,272.4166666666667,14.8
699,25.4,33.4,16.5,1014.3,62,1.6,5.0,226.29166666666663,14.8
700,23.7,31.7,15.5,1017.7,69,1.0,1.3,99.70833333333331,5.4
701,23.4,31.1,14.2,1016.0,60,1.1,3.0,217.375,7.6
702,22.6,30.6,15.8,1015.4,69,0.5,1.1,309.375,5.4
703,23.9,32.0,14.5,1015.6,63,1.0,2.0,166.91666666666666,5.4
704,23.2,30.2,14.0,1012.6,55,1.1,7.4,278.0,18.3
705,22.5,29.5,15.6,1013.3,56,1.1,11.7,192.33333333333331,22.2
706,21.7,30.0,12.2,1014.5,52,1.1,6.3,235.33333333333331,16.5
707,22.2,30.2,13.6,1015.6,63,1.6,1.5,221.54166666666663,3.5
708,20.8,29.3,12.1,1016.7,58,1.8,3.5,210.54166666666663,9.4
709,20.7,28.8,10.6,1017.8,56,1.8,6.1,251.20833333333331,16.5
710,20.8,29.0,10.5,1013.9,61,1.8,2.6,194.70833333333331,7.6
711,22.0,31.0,10.7,1013.2,56,1.8,2.4,250.875,14.8
712,21.4,30.6,10.8,1011.9,54,2.6,7.8,274.875,18.3
713,24.2,31.0,16.5,1013.0,36,2.9,13.9,160.0,22.2
714,22.7,30.8,13.6,1012.0,38,3.4,11.9,217.91666666666663,20.6
715,21.4,29.6,12.7,1013.7,40,2.6,8.0,184.20833333333331,20.6
716,19.2,25.9,11.9,1017.0,84,0.8,2.6,176.375,9.4
717,18.9,25.8,11.5,1017.9,77,0.6,5.0,185.95833333333331,13.0
718,19.3,27.0,11.7,1019.6,57,1.8,5.2,195.375,11.1
719,17.8,24.8,11.2,1017.0,74,0.6,0.7,365.2916666666667,7.6
720,15.8,24.3,8.7,1015.8,77,0.8,1.7,312.2083333333333,7.6
721,18.2,27.0,7.7,1013.7,72,0.6,1.1,237.625,7.6
722,19.0,27.1,10.5,1015.1,61,1.6,3.3,202.875,9.4
723,18.0,26.6,10.5,1017.1,61,1.9,8.0,260.1666666666667,14.8
724,17.2,24.2,10.0,1017.2,58,1.6,9.3,403.9583333333333,22.2
725,16.3,23.0,6.6,1016.9,61,1.0,9.4,284.1666666666667,20.6
726,18.1,24.0,11.2,1015.4,56,1.8,15.9,288.4166666666667,25.9
727,17.8,25.0,10.7,1015.8,54,2.3,9.4,256.8333333333333,22.2
728,13.9,24.5,11.4,1015.0,95,0.6,8.7,169.0,14.8
729,16.3,23.0,9.8,1016.9,78,1.1,7.4,186.04166666666663,16.5
730,16.3,23.4,9.0,1017.3,68,1.3,7.8,185.58333333333331,18.3
731,15.6,23.0,9.0,1016.4,87,1.3,2.4,284.7958333333333,11.1
732,17.4,24.0,9.3,1018.9,81,1.3,2.2,219.72083333333333,9.4
733,16.7,24.3,9.5,1018.0,82,1.0,4.1,182.1875,13.0
734,14.7,24.4,13.5,1012.2,96,1.0,10.0,154.03750000000002,22.2
735,15.4,20.0,10.2,1015.5,84,1.1,2.2,223.20833333333331,7.6
736,14.1,20.2,8.6,1015.8,82,1.1,5.0,200.64583333333337,13.0
737,12.1,19.0,4.3,1017.8,70,1.4,6.1,285.225,14.8
738,12.6,19.5,3.2,1019.2,78,1.3,5.2,236.825,11.1
739,16.4,24.0,8.6,1017.3,73,1.3,3.3,276.90833333333336,7.6
740,14.0,21.0,6.4,1023.1,76,1.6,10.2,108.0,16.5
741,14.7,20.8,7.0,1021.4,72,1.0,6.1,125.89166666666668,14.8
742,19.8,25.6,12.5,1018.2,74,1.1,7.8,181.01250000000005,24.1
743,16.2,25.1,14.5,1017.1,92,0.8,8.0,152.55416666666667,22.2
744,16.1,20.0,13.2,1019.1,80,1.8,11.9,152.32083333333335,18.3
745,17.3,23.2,9.8,1016.0,71,1.4,4.6,319.7375,16.5
746,16.2,23.4,9.4,1017.9,75,1.3,8.0,332.7083333333333,16.5
747,17.0,24.0,8.6,1019.2,66,1.6,2.8,279.6,7.6
748,17.9,25.0,9.5,1017.3,68,1.6,3.3,179.11666666666667,11.1
749,16.1,23.5,8.6,1015.9,62,2.9,10.2,54.79166666666666,18.3
750,16.8,24.0,9.0,1015.2,63,1.8,5.7,93.375,18.3
751,16.7,24.2,9.4,1016.4,66,1.8,10.6,103.0,27.8
752,18.2,25.0,8.9,1021.9,59,2.3,7.6,132.20833333333334,18.3
753,18.6,29.0,10.2,1021.3,59,1.8,10.2,127.70833333333331,18.3
754,19.7,27.0,9.8,1020.3,58,2.4,8.7,109.33333333333331,32.4
755,24.1,31.0,15.6,1011.1,57,3.1,7.2,56.458333333333336,14.8
756,24.8,32.0,16.4,1005.0,56,2.4,6.3,135.83333333333334,14.8
757,20.9,32.4,15.7,1008.2,74,1.9,12.0,122.5,24.1
758,21.4,28.0,13.5,1013.6,47,3.1,18.5,69.66666666666667,35.2
759,20.4,28.1,12.4,1012.5,55,2.6,16.1,79.83333333333333,29.4
760,21.2,29.0,11.0,1014.2,52,3.2,8.0,62.708333333333336,16.5
761,24.7,32.5,18.0,1012.1,49,2.6,5.0,21.20833333333333,11.1
762,22.8,30.5,16.5,1011.1,59,1.9,4.4,1.9166666666666667,11.1
763,21.3,28.5,12.5,1010.6,41,3.1,8.3,1.8333333333333333,22.2
764,23.4,30.0,12.0,1008.3,41,2.6,5.9,105.83333333333331,14.8
765,22.8,30.7,17.6,1008.0,54,2.9,12.0,117.58333333333331,22.2
766,20.7,28.2,14.6,1007.6,67,2.6,8.1,122.70833333333331,18.3
767,18.4,24.0,9.0,1015.3,49,3.2,9.1,111.95833333333331,20.6
768,19.6,26.0,9.1,1016.4,50,2.7,6.5,59.208333333333336,22.2
769,21.4,28.0,10.5,1013.7,50,2.4,8.5,77.20833333333333,22.2
770,23.6,30.0,15.6,1011.7,57,2.6,7.6,98.70833333333331,18.3
771,24.2,30.0,15.4,1012.2,53,2.7,11.3,123.70833333333331,24.1
772,26.6,34.0,16.2,1011.6,47,2.9,10.9,64.79166666666667,22.2
773,27.8,35.0,17.7,1010.4,41,3.4,12.8,52.333333333333336,27.8
774,29.1,35.0,20.8,1009.8,38,3.2,16.1,52.04166666666666,35.2
775,30.6,37.0,21.8,1009.5,41,3.1,13.1,128.33333333333334,27.8
776,31.2,38.5,23.3,1007.5,41,2.9,8.3,0.0,18.3
777,32.8,39.0,23.2,1004.7,36,3.2,11.1,23.20833333333333,22.2
778,31.7,39.4,23.0,1004.2,34,3.5,10.7,15.166666666666666,25.9
779,32.8,39.0,21.4,1004.9,30,3.7,10.7,21.25,22.2
780,28.8,38.0,19.2,1008.0,32,1.9,5.9,81.83333333333333,18.3
781,27.5,34.4,16.5,1010.8,28,2.7,10.0,105.33333333333331,20.6
782,27.3,33.6,19.0,1010.8,29,3.9,13.3,117.75,25.9
783,31.6,40.0,19.9,1006.3,27,2.9,5.6,84.5,11.1
784,32.4,40.5,20.7,1004.5,33,2.3,2.6,46.91666666666666,9.4
785,33.0,40.6,22.0,1002.1,29,3.2,8.5,104.625,24.1
786,34.9,43.2,28.9,999.7,45,2.7,9.1,0.0,21.7
787,33.5,40.2,28.5,1001.9,49,2.3,8.5,30.875,22.2
788,33.9,40.0,26.8,1001.9,31,3.2,11.1,75.58333333333333,22.2
789,32.6,38.2,22.5,1006.3,33,2.7,11.9,0.0,51.9
790,32.2,38.5,24.0,1004.8,37,2.9,13.3,0.0,39.6
791,32.1,39.0,24.0,1005.4,40,3.1,5.9,0.0,20.6
792,32.2,38.1,23.1,1007.2,35,3.7,5.7,94.75,13.0
793,32.3,39.6,22.0,1006.8,37,3.2,4.4,142.5,13.0
794,32.6,40.0,24.4,1006.6,35,2.3,7.4,133.375,18.3
795,36.6,44.0,25.3,1003.7,27,3.4,8.0,147.83333333333334,18.3
796,36.6,44.1,27.6,1002.7,30,2.6,3.5,158.29166666666666,9.4
797,35.6,42.8,28.0,1001.5,36,3.2,10.7,149.58333333333334,20.6
798,36.0,41.8,27.5,1002.0,35,2.7,6.7,101.5,18.3
799,37.2,43.0,27.8,999.8,28,3.1,6.7,106.5,14.8
800,37.9,44.0,28.1,998.3,24,3.2,10.2,128.125,22.2
801,32.3,40.2,27.4,1001.4,45,3.2,6.5,101.95833333333331,18.3
802,34.0,41.4,28.4,1000.0,38,3.4,5.4,98.41666666666669,22.2
803,31.2,39.0,24.0,1001.5,45,2.1,9.8,94.375,22.2
804,36.4,41.6,28.5,999.1,36,3.4,4.3,107.625,11.1
805,37.8,44.0,29.0,997.3,33,3.1,8.3,110.41666666666669,22.2
806,35.3,43.9,29.3,998.0,46,3.9,13.3,95.83333333333331,18.3
807,29.4,37.0,26.0,1000.2,69,2.9,9.4,72.25,20.6
808,32.9,37.0,24.9,1000.7,52,2.4,5.0,38.66666666666666,14.8
809,34.9,40.0,26.0,999.4,38,2.6,6.7,45.375,13.0
810,37.3,42.5,28.7,996.6,32,3.4,12.2,65.16666666666667,35.2
811,31.7,43.0,26.0,1003.5,51,3.2,14.3,66.08333333333333,37.0
812,30.3,37.2,25.0,1002.1,62,3.5,8.9,77.66666666666667,18.3
813,32.9,37.0,26.4,1000.6,53,2.7,4.8,70.25,13.0
814,36.6,42.0,28.1,997.5,33,3.5,13.3,56.29166666666666,29.4
815,36.1,42.0,29.0,1000.4,37,2.9,12.8,77.0,43.2
816,34.7,41.6,28.6,998.9,39,3.1,11.3,32.958333333333336,22.2
817,30.2,37.0,24.0,998.0,72,3.2,10.2,80.625,27.8
818,27.6,37.4,23.2,998.3,79,2.6,5.6,90.70833333333331,14.8
819,27.7,32.2,23.7,999.0,85,2.4,6.7,97.29166666666669,13.0
820,35.7,39.0,30.0,997.7,58,3.1,6.7,50.708333333333336,13.0
821,35.2,39.4,30.4,998.9,62,3.4,7.6,40.375,18.3
822,35.6,39.0,30.5,998.5,59,3.4,9.4,49.41666666666666,18.3
823,30.3,34.5,25.4,995.6,84,2.4,3.3,61.875,9.4
824,28.1,35.1,26.0,996.9,91,1.9,6.5,0.0,14.8
825,32.0,37.0,26.7,996.5,75,2.3,3.7,29.666666666666668,9.4
826,31.3,35.8,25.2,1000.4,74,2.7,3.9,49.125,11.1
827,31.9,36.5,28.2,999.1,72,2.4,6.3,43.66666666666666,13.0
828,34.4,37.6,29.6,998.6,58,2.9,7.4,29.83333333333333,14.8
829,31.1,35.0,27.0,999.4,69,3.2,7.8,35.208333333333336,14.8
830,33.2,36.5,28.4,999.6,64,3.7,9.6,37.625,18.3
831,31.6,36.4,28.4,1000.2,76,3.2,6.1,41.458333333333336,14.8
832,34.1,38.0,28.0,997.6,64,2.7,5.0,38.583333333333336,18.3
833,29.2,38.4,25.0,998.0,84,2.3,6.9,36.0,18.3
834,32.5,36.0,28.0,997.5,70,3.1,10.0,70.58333333333333,18.3
835,29.6,33.4,26.6,997.3,84,2.4,9.3,33.166666666666664,16.5
836,31.6,35.0,26.4,999.1,74,3.2,8.9,38.25,13.0
837,32.2,35.0,28.6,1000.7,69,3.7,9.3,26.58333333333333,16.5
838,28.3,34.1,27.0,1001.1,89,2.1,4.6,15.416666666666666,18.3
839,28.8,32.0,26.8,1001.6,84,2.3,9.6,41.375,18.3
840,29.8,32.0,27.0,1000.2,78,2.7,10.2,25.541666666666668,14.8
841,31.2,35.0,27.3,997.2,69,2.9,18.7,28.375,27.8
842,29.8,36.1,26.0,1001.8,84,2.3,3.5,50.333333333333336,11.1
843,31.7,36.0,26.5,1001.5,77,2.7,4.8,35.375,13.0
844,29.2,35.6,27.0,999.3,87,1.6,3.5,31.916666666666668,18.3
845,31.3,35.0,27.3,1001.2,68,2.9,13.1,35.291666666666664,22.2
846,31.6,36.0,27.4,1003.3,63,3.7,7.2,26.83333333333333,14.8
847,27.9,37.8,26.0,1003.2,92,1.6,6.1,35.708333333333336,14.8
848,32.0,36.0,26.5,1001.8,70,3.1,9.6,43.583333333333336,28.7
849,32.1,36.0,28.3,1001.3,72,3.2,8.5,46.04166666666666,16.5
850,31.1,35.0,27.2,999.9,76,2.4,3.9,82.875,11.1
851,29.1,35.3,25.2,1000.4,84,2.4,4.3,64.91666666666667,22.2
852,31.0,36.0,24.8,1000.0,71,3.2,3.7,30.666666666666668,9.4
853,28.2,35.5,25.6,1003.7,89,1.6,6.1,34.416666666666664,20.6
854,28.7,33.0,25.5,1002.6,81,2.3,9.4,33.166666666666664,22.2
855,28.2,32.6,26.0,1002.8,78,2.7,9.8,30.625,22.2
856,30.7,35.0,25.2,1003.9,70,3.4,8.1,30.33333333333333,18.3
857,28.9,36.1,24.2,1005.5,76,2.9,6.7,0.0,13.0
858,31.2,35.0,26.5,1005.5,67,2.7,5.7,0.0,13.0
859,31.6,35.1,26.8,1003.9,65,3.1,6.7,0.0,11.1
860,32.2,36.2,27.0,1006.2,63,2.9,4.6,76.875,11.1
861,32.1,36.6,27.5,1005.6,67,2.4,3.0,83.45833333333333,7.6
862,32.7,36.1,27.0,1005.1,53,2.9,6.7,71.66666666666667,14.8
863,31.6,36.0,25.6,1002.8,59,2.6,1.1,69.70833333333333,7.6
864,31.6,37.0,25.0,1002.9,57,2.7,3.0,62.375,11.1
865,30.7,36.9,24.8,1002.7,69,2.9,6.9,24.875,11.1
866,30.2,35.0,23.8,1004.5,67,3.1,8.9,43.958333333333336,14.8
867,30.4,35.1,25.0,1005.7,66,3.4,5.7,41.5,18.3
868,30.8,36.0,23.8,1005.9,58,3.1,2.6,38.79166666666666,11.1
869,28.8,36.0,22.0,1005.9,55,3.4,5.7,30.33333333333333,22.2
870,29.9,36.4,21.9,1006.0,47,3.9,8.0,26.666666666666668,24.1
871,30.5,36.4,21.3,1007.9,53,3.7,7.2,29.0,14.8
872,29.6,36.0,21.6,1007.6,54,2.9,6.1,61.708333333333336,18.3
873,28.8,35.8,22.4,1006.9,63,2.6,3.9,60.54166666666666,11.1
874,29.6,36.0,22.5,1007.6,58,2.7,2.4,41.583333333333336,11.1
875,29.0,35.0,21.6,1004.5,57,2.6,4.4,80.04166666666667,14.8
876,28.8,36.4,21.5,1004.4,56,2.6,2.4,82.83333333333333,13.0
877,28.2,36.5,19.2,1005.1,54,2.7,3.5,95.25,16.5
878,28.5,36.0,19.4,1008.8,58,2.4,0.6,126.16666666666669,9.4
879,27.8,36.3,20.5,1007.5,62,1.3,2.0,136.70833333333334,13.0
880,25.9,35.3,18.4,1005.6,61,1.6,3.1,160.66666666666666,11.1
881,23.8,33.0,17.0,1013.7,63,1.6,2.6,245.66666666666663,7.6
882,23.8,33.1,16.1,1014.0,67,1.9,0.7,261.6666666666667,5.4
883,23.8,33.2,17.3,1012.8,69,1.8,0.7,272.4166666666667,5.4
884,23.5,31.4,17.6,1014.0,72,1.6,1.7,99.70833333333331,9.4
885,23.3,32.0,19.4,1012.9,79,1.3,2.6,217.375,9.4
886,22.7,30.3,17.5,1013.5,78,1.1,0.4,309.375,3.5
887,21.1,30.0,16.0,1014.4,73,0.6,1.9,321.5416666666667,11.1
888,19.7,30.2,14.0,1014.0,82,0.3,0.4,278.0,3.5
889,20.1,30.4,13.8,1013.2,71,0.5,0.9,192.33333333333331,7.6
890,19.3,28.5,12.4,1010.9,74,0.6,0.4,224.16666666666663,3.5
891,20.1,28.5,14.6,1011.2,73,0.8,1.9,196.75,7.6
892,18.1,24.3,13.5,1016.5,60,1.8,5.6,166.70833333333334,14.8
893,15.9,24.5,9.4,1017.3,58,1.4,3.9,130.70833333333334,11.1
894,16.0,24.4,10.2,1015.1,59,1.8,5.2,194.70833333333331,18.3
895,16.9,26.5,8.6,1016.0,57,1.9,3.5,134.45833333333334,9.4
896,16.9,27.5,8.6,1016.7,63,1.6,1.1,110.0,9.4
897,16.3,27.5,9.0,1013.9,63,1.9,5.0,160.0,13.0
898,15.7,27.1,8.2,1015.7,66,1.6,1.7,118.91666666666669,13.0
899,15.1,26.4,8.0,1016.6,72,1.3,0.7,185.95833333333331,5.4
900,17.4,25.0,12.0,1015.7,47,1.9,6.1,239.125,22.2
901,16.6,25.2,9.4,1015.4,52,1.9,6.7,365.2916666666667,22.2
902,16.1,26.6,0.7,1015.3,60,1.9,1.7,312.2083333333333,9.4
903,15.7,21.7,12.0,1018.2,85,1.0,3.3,121.33333333333331,7.6
904,13.6,21.3,9.6,1020.1,83,0.8,4.8,202.875,11.1
905,12.7,19.5,8.0,1021.0,78,1.0,6.1,260.1666666666667,11.1
906,15.2,25.6,9.6,1019.9,70,1.4,4.4,277.7083333333333,9.4
907,16.4,23.7,9.6,1020.6,82,0.5,2.8,284.1666666666667,9.4
908,17.4,25.0,12.0,1020.8,76,0.8,1.3,288.4166666666667,9.4
909,13.5,25.1,7.0,1017.8,79,1.0,3.9,166.91666666666666,13.0
910,14.4,23.2,7.1,1017.7,74,1.3,2.0,169.0,7.6
911,15.1,25.0,7.6,1017.1,71,1.3,3.5,186.04166666666663,13.0
